{"effectsVol":0.4869999885559082,"musicVol":0.4869999885559082,"grassDensity":40}