{"effectsVol":0.5649999976158142,"musicVol":0.5649999976158142,"grassDensity":37}